{
    "seq_len": 48,
    "pred_len": 1,
    "expand": 2,
    "d_model": 64,
    "n_heads": 8,
    "e_layers": 2,
    "d_layers": 1,
    "batch_size": 32,
    "learning_rate": 0.0005507127388623045,
    "dropout": 0.05561617345359868
}